{
  "relationships": [
    {
      "from_table": "Custom SQL Query",
      "from_column": "Tab_module",
      "to_table": "Custom SQL Query2",
      "to_column": "OBJ_SMF_TABLES",
      "description": null,
      "is_active": true,
      "cardinality": "many_to_one",
      "cross_filter_behavior": "one",
      "annotations": {},
      "id": "Custom SQL Query_Tab_module_to_Custom SQL Query2_OBJ_SMF_TABLES"
    },
    {
      "from_table": "Custom SQL Query",
      "from_column": "PUAT_Module",
      "to_table": "Custom SQL Query2",
      "to_column": "OBJ_SMF_TABLES",
      "description": null,
      "is_active": true,
      "cardinality": "many_to_one",
      "cross_filter_behavior": "one",
      "annotations": {},
      "id": "Custom SQL Query_PUAT_Module_to_Custom SQL Query2_OBJ_SMF_TABLES"
    }
  ]
}