{
  "source_name": "Custom SQL Query (dlh_nsec.objdb) (2)",
  "lineage_tag": null,
  "description": "Custom SQL Query (dlh_nsec.objdb) (2)",
  "is_hidden": false,
  "columns": [
    {
      "source_name": "Subject",
      "datatype": "string",
      "format_string": null,
      "lineage_tag": null,
      "source_column": "\"Data Load below \" & CONVERT(VARCHAR, [Parameters].[Parameter 1]) & \"% Of Golden Data Range\"",
      "description": "Subject",
      "is_hidden": false,
      "summarize_by": "none",
      "data_category": null,
      "is_calculated": true,
      "is_data_type_inferred": true,
      "annotations": {
        "SummarizationSetBy": "User",
        "CalculationFormula": "\"Data Load below \" & CONVERT(VARCHAR, [Parameters].[Parameter 1]) & \"% Of Golden Data Range\""
      }
    },
    {
      "source_name": "asup date",
      "datatype": "dateTime",
      "format_string": null,
      "lineage_tag": null,
      "source_column": "CALCULATE(\n    SUM('Custom SQL Query (dlh_nsec.objdb) (2)'[Calculation_265993911338422272]),\n    ALLSELECTED('Custom SQL Query (dlh_nsec.objdb) (2)')\n)",
      "description": "asup date",
      "is_hidden": false,
      "summarize_by": "none",
      "data_category": null,
      "is_calculated": true,
      "is_data_type_inferred": true,
      "annotations": {
        "SummarizationSetBy": "User",
        "CalculationFormula": "CALCULATE(\n    SUM('Custom SQL Query (dlh_nsec.objdb) (2)'[Calculation_265993911338422272]),\n    ALLSELECTED('Custom SQL Query (dlh_nsec.objdb) (2)')\n)"
      }
    },
    {
      "source_name": "Weekday",
      "datatype": "int64",
      "format_string": null,
      "lineage_tag": null,
      "source_column": "WEEKDAY('Custom SQL Query (dlh_nsec.objdb) (2)'[Calculation_1704893970496946177], 2)",
      "description": "Weekday",
      "is_hidden": false,
      "summarize_by": "none",
      "data_category": null,
      "is_calculated": true,
      "is_data_type_inferred": true,
      "annotations": {
        "SummarizationSetBy": "User",
        "CalculationFormula": "WEEKDAY('Custom SQL Query (dlh_nsec.objdb) (2)'[Calculation_1704893970496946177], 2)"
      }
    },
    {
      "source_name": "Min Of Fis Week",
      "datatype": "dateTime",
      "format_string": null,
      "lineage_tag": null,
      "source_column": "VAR MinCalc = \n    MINX(\n        FILTER(\n            'Custom SQL Query (dlh_nsec.objdb) (2)',\n            'Custom SQL Query (dlh_nsec.objdb) (2)'[Calculation_265993911338422272] <> BLANK()\n        ),\n        'Custom SQL Query (dlh_nsec.objdb) (2)'[Calculation_265993911338422272]\n    )\nRETURN\n    CALCULATE(\n        MinCalc,\n        VALUES('Custom SQL Query (dlh_nsec.objdb) (2)'[FISCAL_WEEK])\n    )",
      "description": "Min Of Fis Week",
      "is_hidden": false,
      "summarize_by": "none",
      "data_category": null,
      "is_calculated": true,
      "is_data_type_inferred": true,
      "annotations": {
        "SummarizationSetBy": "User",
        "CalculationFormula": "VAR MinCalc = \n    MINX(\n        FILTER(\n            'Custom SQL Query (dlh_nsec.objdb) (2)',\n            'Custom SQL Query (dlh_nsec.objdb) (2)'[Calculation_265993911338422272] <> BLANK()\n        ),\n        'Custom SQL Query (dlh_nsec.objdb) (2)'[Calculation_265993911338422272]\n    )\nRETURN\n    CALCULATE(\n        MinCalc,\n        VALUES('Custom SQL Query (dlh_nsec.objdb) (2)'[FISCAL_WEEK])\n    )"
      }
    },
    {
      "source_name": "Avg Data by Module",
      "datatype": "int64",
      "format_string": null,
      "lineage_tag": null,
      "source_column": "CALCULATE(\n    MIN('Custom SQL Query (dlh_nsec.objdb) (2)'[Calculation_1857734887858565133]),\n    VALUES('Custom SQL Query (dlh_nsec.objdb) (2)'[PUAT_Module])\n)",
      "description": "Avg Data by Module",
      "is_hidden": false,
      "summarize_by": "none",
      "data_category": null,
      "is_calculated": true,
      "is_data_type_inferred": true,
      "annotations": {
        "SummarizationSetBy": "User",
        "CalculationFormula": "CALCULATE(\n    MIN('Custom SQL Query (dlh_nsec.objdb) (2)'[Calculation_1857734887858565133]),\n    VALUES('Custom SQL Query (dlh_nsec.objdb) (2)'[PUAT_Module])\n)"
      }
    },
    {
      "source_name": "Max Fiscal Week Measure",
      "datatype": "int64",
      "format_string": null,
      "lineage_tag": null,
      "source_column": "VAR MaxFiscalWeek =\n    CALCULATE(\n        MAX('Custom SQL Query (dlh_nsec.objdb) (2)'[FISCAL_WEEK]),\n        ALLSELECTED('Custom SQL Query (dlh_nsec.objdb) (2)')\n    )\nRETURN\n    IF(\n        'Custom SQL Query (dlh_nsec.objdb) (2)'[FISCAL_WEEK] = MaxFiscalWeek,\n        'Custom SQL Query (dlh_nsec.objdb) (2)'[Measure],\n        BLANK()\n    )",
      "description": "Max Fiscal Week Measure",
      "is_hidden": false,
      "summarize_by": "none",
      "data_category": null,
      "is_calculated": true,
      "is_data_type_inferred": true,
      "annotations": {
        "SummarizationSetBy": "User",
        "CalculationFormula": "VAR MaxFiscalWeek =\n    CALCULATE(\n        MAX('Custom SQL Query (dlh_nsec.objdb) (2)'[FISCAL_WEEK]),\n        ALLSELECTED('Custom SQL Query (dlh_nsec.objdb) (2)')\n    )\nRETURN\n    IF(\n        'Custom SQL Query (dlh_nsec.objdb) (2)'[FISCAL_WEEK] = MaxFiscalWeek,\n        'Custom SQL Query (dlh_nsec.objdb) (2)'[Measure],\n        BLANK()\n    )"
      }
    },
    {
      "source_name": "Avg Date",
      "datatype": "string",
      "format_string": null,
      "lineage_tag": null,
      "source_column": "DATESBETWEEN(\n    'Custom SQL Query (dlh_nsec.objdb) (2)'[Date],\n    DATE(2023, 2, 24),\n    DATE(2023, 3, 17)\n)",
      "description": "Avg Date",
      "is_hidden": false,
      "summarize_by": "none",
      "data_category": null,
      "is_calculated": true,
      "is_data_type_inferred": true,
      "annotations": {
        "SummarizationSetBy": "User",
        "CalculationFormula": "DATESBETWEEN(\n    'Custom SQL Query (dlh_nsec.objdb) (2)'[Date],\n    DATE(2023, 2, 24),\n    DATE(2023, 3, 17)\n)"
      }
    },
    {
      "source_name": "Week Num",
      "datatype": "string",
      "format_string": null,
      "lineage_tag": null,
      "source_column": "SWITCH(\n    WEEKNUM('Custom SQL Query (dlh_nsec.objdb) (2)'[Calculation_265993911338422272], 2) - 'Custom SQL Query (dlh_nsec.objdb) (2)'[Calculation_1704893971550072860],\n    0, \"Week 1\",\n    1, \"Week 2\",\n    2, \"Week 3\",\n    3, \"Week 4\",\n    4, \"Week 5\",\n    5, \"Week 6\"\n)",
      "description": "Week Num",
      "is_hidden": false,
      "summarize_by": "none",
      "data_category": null,
      "is_calculated": true,
      "is_data_type_inferred": true,
      "annotations": {
        "SummarizationSetBy": "User",
        "CalculationFormula": "SWITCH(\n    WEEKNUM('Custom SQL Query (dlh_nsec.objdb) (2)'[Calculation_265993911338422272], 2) - 'Custom SQL Query (dlh_nsec.objdb) (2)'[Calculation_1704893971550072860],\n    0, \"Week 1\",\n    1, \"Week 2\",\n    2, \"Week 3\",\n    3, \"Week 4\",\n    4, \"Week 5\",\n    5, \"Week 6\"\n)"
      }
    },
    {
      "source_name": "Golden Data Label",
      "datatype": "string",
      "format_string": null,
      "lineage_tag": null,
      "source_column": "'Custom SQL Query (dlh_nsec.objdb) (2)'[Parameters].[Parameter 3] & \" Data Values\"",
      "description": "Golden Data Label",
      "is_hidden": false,
      "summarize_by": "none",
      "data_category": null,
      "is_calculated": true,
      "is_data_type_inferred": true,
      "annotations": {
        "SummarizationSetBy": "User",
        "CalculationFormula": "'Custom SQL Query (dlh_nsec.objdb) (2)'[Parameters].[Parameter 3] & \" Data Values\""
      }
    },
    {
      "source_name": "Data Load Metrics",
      "datatype": "string",
      "format_string": null,
      "lineage_tag": null,
      "source_column": "'Custom SQL Query (dlh_nsec.objdb) (2)'[Data Load Values]",
      "description": "Data Load Metrics",
      "is_hidden": false,
      "summarize_by": "none",
      "data_category": null,
      "is_calculated": true,
      "is_data_type_inferred": true,
      "annotations": {
        "SummarizationSetBy": "User",
        "CalculationFormula": "'Custom SQL Query (dlh_nsec.objdb) (2)'[Data Load Values]"
      }
    },
    {
      "source_name": "help",
      "datatype": "string",
      "format_string": null,
      "lineage_tag": null,
      "source_column": "/* ERROR: Could not convert Tableau formula: 'help' */\n/* Error details: Server error '500 Internal Server Error' for url 'http://localhost:8000/convert'\nFor more information check: https://httpstatuses.com/500 */\nERROR(\"Conversion failed\")",
      "description": "help",
      "is_hidden": false,
      "summarize_by": "none",
      "data_category": null,
      "is_calculated": true,
      "is_data_type_inferred": true,
      "annotations": {
        "SummarizationSetBy": "User",
        "CalculationFormula": "/* ERROR: Could not convert Tableau formula: 'help' */\n/* Error details: Server error '500 Internal Server Error' for url 'http://localhost:8000/convert'\nFor more information check: https://httpstatuses.com/500 */\nERROR(\"Conversion failed\")"
      }
    },
    {
      "source_name": "Max\\Avg",
      "datatype": "int64",
      "format_string": null,
      "lineage_tag": null,
      "source_column": "IF(\n    'Custom SQL Query (dlh_nsec.objdb) (2)'[PUAT_Module] = \"System\" && 'Parameters'[Parameter 3] = \"Max\",\n    'Custom SQL Query (dlh_nsec.objdb) (2)'[Max_data],\n    INT('Custom SQL Query (dlh_nsec.objdb) (2)'[AVG_DATA])\n)",
      "description": "Max\\Avg",
      "is_hidden": false,
      "summarize_by": "none",
      "data_category": null,
      "is_calculated": true,
      "is_data_type_inferred": true,
      "annotations": {
        "SummarizationSetBy": "User",
        "CalculationFormula": "IF(\n    'Custom SQL Query (dlh_nsec.objdb) (2)'[PUAT_Module] = \"System\" && 'Parameters'[Parameter 3] = \"Max\",\n    'Custom SQL Query (dlh_nsec.objdb) (2)'[Max_data],\n    INT('Custom SQL Query (dlh_nsec.objdb) (2)'[AVG_DATA])\n)"
      }
    },
    {
      "source_name": "tooltip",
      "datatype": "string",
      "format_string": null,
      "lineage_tag": null,
      "source_column": "/* ERROR: Could not convert Tableau formula: IF [Parameters].[Parameter 3]='Max' THEN 'Max Sys Count for Selected Duration'\r\nELSEIF [Parameters].[Parameter 3]='Avg' THEN 'Avg Sys Count for last 4 weeks' END */\n/* Error details: Server error '500 Internal Server Error' for url 'http://localhost:8000/convert'\nFor more information check: https://httpstatuses.com/500 */\nERROR(\"Conversion failed\")",
      "description": "tooltip",
      "is_hidden": false,
      "summarize_by": "none",
      "data_category": null,
      "is_calculated": true,
      "is_data_type_inferred": true,
      "annotations": {
        "SummarizationSetBy": "User",
        "CalculationFormula": "/* ERROR: Could not convert Tableau formula: IF [Parameters].[Parameter 3]='Max' THEN 'Max Sys Count for Selected Duration'\r\nELSEIF [Parameters].[Parameter 3]='Avg' THEN 'Avg Sys Count for last 4 weeks' END */\n/* Error details: Server error '500 Internal Server Error' for url 'http://localhost:8000/convert'\nFor more information check: https://httpstatuses.com/500 */\nERROR(\"Conversion failed\")"
      }
    },
    {
      "source_name": "Fiscal Date",
      "datatype": "dateTime",
      "format_string": null,
      "lineage_tag": null,
      "source_column": "SWITCH(\n    TRUE(),\n    'Custom SQL Query (dlh_nsec.objdb) (2)'[FISCAL_DATE] = #31-AUG-2024#, #01-SEP-2024#,\n    'Custom SQL Query (dlh_nsec.objdb) (2)'[FISCAL_DATE] = #01-DEC-2024#, #30-NOV-2024#,\n    'Custom SQL Query (dlh_nsec.objdb) (2)'[FISCAL_DATE]\n)",
      "description": "Fiscal Date",
      "is_hidden": false,
      "summarize_by": "none",
      "data_category": null,
      "is_calculated": true,
      "is_data_type_inferred": true,
      "annotations": {
        "SummarizationSetBy": "User",
        "CalculationFormula": "SWITCH(\n    TRUE(),\n    'Custom SQL Query (dlh_nsec.objdb) (2)'[FISCAL_DATE] = #31-AUG-2024#, #01-SEP-2024#,\n    'Custom SQL Query (dlh_nsec.objdb) (2)'[FISCAL_DATE] = #01-DEC-2024#, #30-NOV-2024#,\n    'Custom SQL Query (dlh_nsec.objdb) (2)'[FISCAL_DATE]\n)"
      }
    },
    {
      "source_name": "Period",
      "datatype": "string",
      "format_string": null,
      "lineage_tag": null,
      "source_column": "'Custom SQL Query (dlh_nsec.objdb) (2)'[Data Load Time]",
      "description": "Period",
      "is_hidden": false,
      "summarize_by": "none",
      "data_category": null,
      "is_calculated": true,
      "is_data_type_inferred": true,
      "annotations": {
        "SummarizationSetBy": "User",
        "CalculationFormula": "'Custom SQL Query (dlh_nsec.objdb) (2)'[Data Load Time]"
      }
    },
    {
      "source_name": "Avg Week",
      "datatype": "string",
      "format_string": null,
      "lineage_tag": null,
      "source_column": "CALCULATE(\n    MIN(\n        IF(\n            'Custom SQL Query (dlh_nsec.objdb) (2)'[Calculation_1704893970521313284] = 'Custom SQL Query (dlh_nsec.objdb) (2)'[Calculation_1704893971490320410],\n            'Custom SQL Query (dlh_nsec.objdb) (2)'[FISCAL_WEEK],\n            BLANK()\n        )\n    ),\n    VALUES('Custom SQL Query (dlh_nsec.objdb) (2)'[PUAT_Module])\n)",
      "description": "Avg Week",
      "is_hidden": false,
      "summarize_by": "none",
      "data_category": null,
      "is_calculated": true,
      "is_data_type_inferred": true,
      "annotations": {
        "SummarizationSetBy": "User",
        "CalculationFormula": "CALCULATE(\n    MIN(\n        IF(\n            'Custom SQL Query (dlh_nsec.objdb) (2)'[Calculation_1704893970521313284] = 'Custom SQL Query (dlh_nsec.objdb) (2)'[Calculation_1704893971490320410],\n            'Custom SQL Query (dlh_nsec.objdb) (2)'[FISCAL_WEEK],\n            BLANK()\n        )\n    ),\n    VALUES('Custom SQL Query (dlh_nsec.objdb) (2)'[PUAT_Module])\n)"
      }
    },
    {
      "source_name": "MaxFiscal Week",
      "datatype": "boolean",
      "format_string": null,
      "lineage_tag": null,
      "source_column": "CALCULATE(\n    MAX('Custom SQL Query (dlh_nsec.objdb) (2)'[FISCAL_WEEK]),\n    VALUES('Custom SQL Query (dlh_nsec.objdb) (2)'[PUAT_Module])\n)",
      "description": "MaxFiscal Week",
      "is_hidden": false,
      "summarize_by": "none",
      "data_category": null,
      "is_calculated": true,
      "is_data_type_inferred": true,
      "annotations": {
        "SummarizationSetBy": "User",
        "CalculationFormula": "CALCULATE(\n    MAX('Custom SQL Query (dlh_nsec.objdb) (2)'[FISCAL_WEEK]),\n    VALUES('Custom SQL Query (dlh_nsec.objdb) (2)'[PUAT_Module])\n)"
      }
    },
    {
      "source_name": "Max Of Fis Week",
      "datatype": "dateTime",
      "format_string": null,
      "lineage_tag": null,
      "source_column": "CALCULATE(\n    MAX('Custom SQL Query (dlh_nsec.objdb) (2)'[Calculation_265993911338422272]),\n    VALUES('Custom SQL Query (dlh_nsec.objdb) (2)'[FISCAL_WEEK])\n)",
      "description": "Max Of Fis Week",
      "is_hidden": false,
      "summarize_by": "none",
      "data_category": null,
      "is_calculated": true,
      "is_data_type_inferred": true,
      "annotations": {
        "SummarizationSetBy": "User",
        "CalculationFormula": "CALCULATE(\n    MAX('Custom SQL Query (dlh_nsec.objdb) (2)'[Calculation_265993911338422272]),\n    VALUES('Custom SQL Query (dlh_nsec.objdb) (2)'[FISCAL_WEEK])\n)"
      }
    },
    {
      "source_name": "PUAT_Module",
      "datatype": "string",
      "format_string": null,
      "lineage_tag": null,
      "source_column": "PUAT_Module",
      "description": null,
      "is_hidden": false,
      "summarize_by": "count",
      "data_category": null,
      "is_calculated": false,
      "is_data_type_inferred": false,
      "annotations": null
    },
    {
      "source_name": "asup_month",
      "datatype": "string",
      "format_string": null,
      "lineage_tag": null,
      "source_column": "asup_month",
      "description": null,
      "is_hidden": false,
      "summarize_by": "count",
      "data_category": null,
      "is_calculated": false,
      "is_data_type_inferred": false,
      "annotations": null
    },
    {
      "source_name": "date",
      "datatype": "string",
      "format_string": null,
      "lineage_tag": null,
      "source_column": "date",
      "description": null,
      "is_hidden": false,
      "summarize_by": "count",
      "data_category": null,
      "is_calculated": false,
      "is_data_type_inferred": false,
      "annotations": null
    },
    {
      "source_name": "Measure",
      "datatype": "int64",
      "format_string": null,
      "lineage_tag": null,
      "source_column": "Measure",
      "description": null,
      "is_hidden": false,
      "summarize_by": "sum",
      "data_category": null,
      "is_calculated": false,
      "is_data_type_inferred": false,
      "annotations": null
    },
    {
      "source_name": "FISCAL_DATE",
      "datatype": "dateTime",
      "format_string": null,
      "lineage_tag": null,
      "source_column": "FISCAL_DATE",
      "description": null,
      "is_hidden": false,
      "summarize_by": "none",
      "data_category": null,
      "is_calculated": false,
      "is_data_type_inferred": false,
      "annotations": null
    },
    {
      "source_name": "FISCAL_MONTH",
      "datatype": "string",
      "format_string": null,
      "lineage_tag": null,
      "source_column": "FISCAL_MONTH",
      "description": null,
      "is_hidden": false,
      "summarize_by": "count",
      "data_category": null,
      "is_calculated": false,
      "is_data_type_inferred": false,
      "annotations": null
    },
    {
      "source_name": "FISCAL_QTR",
      "datatype": "string",
      "format_string": null,
      "lineage_tag": null,
      "source_column": "FISCAL_QTR",
      "description": null,
      "is_hidden": false,
      "summarize_by": "count",
      "data_category": null,
      "is_calculated": false,
      "is_data_type_inferred": false,
      "annotations": null
    },
    {
      "source_name": "FISCAL_YEAR",
      "datatype": "string",
      "format_string": null,
      "lineage_tag": null,
      "source_column": "FISCAL_YEAR",
      "description": null,
      "is_hidden": false,
      "summarize_by": "count",
      "data_category": null,
      "is_calculated": false,
      "is_data_type_inferred": false,
      "annotations": null
    },
    {
      "source_name": "FISCAL_WEEK",
      "datatype": "string",
      "format_string": null,
      "lineage_tag": null,
      "source_column": "FISCAL_WEEK",
      "description": null,
      "is_hidden": false,
      "summarize_by": "count",
      "data_category": null,
      "is_calculated": false,
      "is_data_type_inferred": false,
      "annotations": null
    },
    {
      "source_name": "FT",
      "datatype": "string",
      "format_string": null,
      "lineage_tag": null,
      "source_column": "FT",
      "description": null,
      "is_hidden": false,
      "summarize_by": "count",
      "data_category": null,
      "is_calculated": false,
      "is_data_type_inferred": false,
      "annotations": null
    },
    {
      "source_name": "OBJ_SMF_TABLES",
      "datatype": "string",
      "format_string": null,
      "lineage_tag": null,
      "source_column": "OBJ_SMF_TABLES",
      "description": null,
      "is_hidden": false,
      "summarize_by": "count",
      "data_category": null,
      "is_calculated": false,
      "is_data_type_inferred": false,
      "annotations": null
    },
    {
      "source_name": "AVG_DATA",
      "datatype": "string",
      "format_string": null,
      "lineage_tag": null,
      "source_column": "AVG_DATA",
      "description": null,
      "is_hidden": false,
      "summarize_by": "count",
      "data_category": null,
      "is_calculated": false,
      "is_data_type_inferred": false,
      "annotations": null
    },
    {
      "source_name": "Max_data",
      "datatype": "string",
      "format_string": null,
      "lineage_tag": null,
      "source_column": "Max_data",
      "description": null,
      "is_hidden": false,
      "summarize_by": "count",
      "data_category": null,
      "is_calculated": false,
      "is_data_type_inferred": false,
      "annotations": null
    }
  ],
  "measures": [
    {
      "source_name": "% Prev Week Diff",
      "expression": "SUMX('Custom SQL Query (dlh_nsec.objdb) (2)', 1-(LOOKUP(SUM([Measure]),-4)/SUM([Measure])))",
      "format_string": null,
      "description": "% Prev Week Diff",
      "is_hidden": false
    },
    {
      "source_name": "dip flag",
      "expression": "SUMX('Custom SQL Query (dlh_nsec.objdb) (2)', [Calculation_1704893970529177607]>[Parameters].[Parameter 1])",
      "format_string": null,
      "description": "dip flag",
      "is_hidden": false
    },
    {
      "source_name": "Avg Data?",
      "expression": "/* Original TWB: SUM([Measure])=SUM([Calculation_1704893970521313284]) */ SUM([Measure])=SUM([Calculation_1704893970521313284])",
      "format_string": null,
      "description": "Avg Data?",
      "is_hidden": false
    },
    {
      "source_name": "Golden Flag",
      "expression": "/* Original TWB: SUM([Measure])=SUM([Calculation_1704893970521313284]) */ SUM([Measure])=SUM([Calculation_1704893970521313284])",
      "format_string": null,
      "description": "Golden Flag",
      "is_hidden": false
    },
    {
      "source_name": "% Diff",
      "expression": "SUMX('Custom SQL Query (dlh_nsec.objdb) (2)', IF ATTR([PUAT_Module])!='System' THEN\r\n-(1-(SUM([Measure])/MIN([Calculation_1704893970521313284]))) END)",
      "format_string": null,
      "description": "% Diff",
      "is_hidden": false
    },
    {
      "source_name": "diff flag",
      "expression": "SUMX('Custom SQL Query (dlh_nsec.objdb) (2)', if [Calculation_1704893970529177607]=0 THEN 'Gold'\r\nELSEIF -([Calculation_1704893970529177607])>([Parameters].[Parameter 2]/100) THEN 'Flag'\r\nELSEIF  -([Calculation_1704893970529177607])<([Parameters].[Parameter 2]/100) THEN 'Normal' END)",
      "format_string": null,
      "description": "diff flag",
      "is_hidden": false
    },
    {
      "source_name": "unicode",
      "expression": "SUMX('Custom SQL Query (dlh_nsec.objdb) (2)', IF [Calculation_1704893970530209800]='Flag' THEN '\u26a0' END)",
      "format_string": null,
      "description": "unicode",
      "is_hidden": false
    },
    {
      "source_name": "size",
      "expression": "/* Original TWB: MIN(1) */ MIN(1)",
      "format_string": null,
      "description": "size",
      "is_hidden": false
    },
    {
      "source_name": "flag diff",
      "expression": "SUMX('Custom SQL Query (dlh_nsec.objdb) (2)', if [Calculation_1704893970529177607]<-([Parameters].[Parameter 2]/100) AND [Calculation_1704893970529177607]!=0 THEN [Calculation_1704893970529177607] END)",
      "format_string": null,
      "description": "flag diff",
      "is_hidden": false
    },
    {
      "source_name": "Table Measure",
      "expression": "/* Original TWB: SUM([Measure]) */ SUM([Measure])",
      "format_string": null,
      "description": "Table Measure",
      "is_hidden": false
    },
    {
      "source_name": "up",
      "expression": "SUMX('Custom SQL Query (dlh_nsec.objdb) (2)', IF ATTR([PUAT_Module])!='System' AND\r\nSUM([Measure])>MIN([Calculation_1704893970521313284]) THEN '\u2b06' END)",
      "format_string": null,
      "description": "up",
      "is_hidden": false
    },
    {
      "source_name": "axis",
      "expression": "SUMX('Custom SQL Query (dlh_nsec.objdb) (2)', 1)",
      "format_string": null,
      "description": "axis",
      "is_hidden": false
    },
    {
      "source_name": "Module_Week Measure",
      "expression": "SUMX('Custom SQL Query (dlh_nsec.objdb) (2)', { FIXED [PUAT_Module],[FISCAL_WEEK]:SUM([Measure])})",
      "format_string": null,
      "description": "Module_Week Measure",
      "is_hidden": false
    },
    {
      "source_name": "Diff vs Golden data",
      "expression": "/* Original TWB: MIN([Calculation_1704893970521313284])-SUM([Measure]) */ MIN([Calculation_1704893970521313284])-SUM([Measure])",
      "format_string": null,
      "description": "Diff vs Golden data",
      "is_hidden": false
    },
    {
      "source_name": "Week-min",
      "expression": "SUMX('Custom SQL Query (dlh_nsec.objdb) (2)', { FIXED MONTH([Calculation_265993911338422272]):MIN(DATEPART('week',[Calculation_265993911338422272]))})",
      "format_string": null,
      "description": "Week-min",
      "is_hidden": false
    },
    {
      "source_name": "Measure by Week",
      "expression": "SUMX('Custom SQL Query (dlh_nsec.objdb) (2)', { FIXED [PUAT_Module],[Calculation_1704893971550199837]:SUM([Measure])})",
      "format_string": null,
      "description": "Measure by Week",
      "is_hidden": false
    },
    {
      "source_name": "dif b/w g&m",
      "expression": "SUMX('Custom SQL Query (dlh_nsec.objdb) (2)', 1-SUM([Measure])/MIN([Calculation_1704893970521313284]))",
      "format_string": null,
      "description": "dif b/w g&m",
      "is_hidden": false
    },
    {
      "source_name": "color legend",
      "expression": "SUMX('Custom SQL Query (dlh_nsec.objdb) (2)', IF  [down (copy)_1857734887864430610]='\u2b07' THEN '0-'+STR([Parameters].[Parameter 4])+'dip'\r\nELSEIF [flag down  (copy)_1857734887864967187]='\u2b07' THEN '>'+STR([Parameters].[Parameter 4])+ 'dip'\r\nELSEIF [up (copy)_1857734887863640081]='\u2b06' THEN 'No dip '\r\nELSEIF [Calculation_1704893970529177607]>=0 AND [Calculation_1704893970529177607]<0.05 THEN '0-5%'\r\nELSEIF [Calculation_1704893970529177607]>=0.05 AND [Calculation_1704893970529177607]<0.1 THEN '5-10%'\r\nELSEIF [Calculation_1704893970529177607]>=0.1 AND [Calculation_1704893970529177607]<0.15 THEN '10-15%'\r\nELSEIF [Calculation_1704893970529177607]>=0.15 AND [Calculation_1704893970529177607]<0.2 THEN '15-20%'\r\nELSEIF [Calculation_1704893970529177607]>=0.2 AND [Calculation_1704893970529177607]<0.25 THEN '20-25%'\r\nELSEIF [Calculation_1704893970529177607]>=0.25 AND [Calculation_1704893970529177607]<0.3 THEN '25-30%'\r\nELSEIF [Calculation_1704893970529177607]>=0.3 THEN '>35%'\r\nELSEIF [Calculation_1704893970529177607]<0 AND [Calculation_1704893970529177607]>-0.05 THEN '-(0-5)%'\r\nELSEIF [Calculation_1704893970529177607]<=-0.05 AND [Calculation_1704893970529177607]>-0.1 THEN '-(5-10)%'\r\nELSEIF [Calculation_1704893970529177607]<=-0.1 AND [Calculation_1704893970529177607]>-0.15 THEN '-(10-15)%'\r\nELSEIF [Calculation_1704893970529177607]<=-0.15 AND [Calculation_1704893970529177607]>-0.2 THEN '-(15-20)%'\r\nELSEIF [Calculation_1704893970529177607]<=-0.2 AND [Calculation_1704893970529177607]>-0.25 THEN '-(20-25)%'\r\nELSEIF [Calculation_1704893970529177607]<=-0.25 AND [Calculation_1704893970529177607]>-0.3 THEN '-(25-30)%'\r\nELSEIF [Calculation_1704893970529177607]<=-0.3 THEN '< -35%'\r\n\r\n END)",
      "format_string": null,
      "description": "color legend",
      "is_hidden": false
    },
    {
      "source_name": "System Diff",
      "expression": "/* Original TWB: SUM(IF [PUAT_Module]='System' THEN\r\n[Measure] END)\r\n-\r\nMIN(IF [PUAT_Module]='System' THEN\r\n[Calculation_1857734887858565133] END) */ SUM(IF [PUAT_Module]='System' THEN\r\n[Measure] END)\r\n-\r\nMIN(IF [PUAT_Module]='System' THEN\r\n[Calculation_1857734887858565133] END)",
      "format_string": null,
      "description": "System Diff",
      "is_hidden": false
    },
    {
      "source_name": "Golden diff system",
      "expression": "SUMX('Custom SQL Query (dlh_nsec.objdb) (2)', if  ATTR([PUAT_Module])='System' AND\r\nMIN([Calculation_1857734887858565133])-SUM([Measure])<-[Parameters].[Parameter 4]\r\n THEN -(MIN([Calculation_1857734887858565133])-SUM([Measure])) END)",
      "format_string": null,
      "description": "Golden diff system",
      "is_hidden": false
    },
    {
      "source_name": "Golden diff",
      "expression": "SUMX('Custom SQL Query (dlh_nsec.objdb) (2)', if [Calculation_1704893970529177607]>=0.15 THEN [Calculation_1704893970529177607] END)",
      "format_string": null,
      "description": "Golden diff",
      "is_hidden": false
    },
    {
      "source_name": "Normal diff system",
      "expression": "SUMX('Custom SQL Query (dlh_nsec.objdb) (2)', IF ATTR([PUAT_Module])='System' AND\r\nMIN([Calculation_1857734887858565133])-SUM([Measure])<[Parameters].[Parameter 4] AND\r\nMIN([Calculation_1857734887858565133])-SUM([Measure])>=-[Parameters].[Parameter 4] THEN\r\nMIN([Calculation_1857734887858565133])-SUM([Measure])\r\n END)",
      "format_string": null,
      "description": "Normal diff system",
      "is_hidden": false
    },
    {
      "source_name": "flag down ",
      "expression": "SUMX('Custom SQL Query (dlh_nsec.objdb) (2)', IF ATTR([PUAT_Module])!='System' AND\r\nSUM([Measure])<SUM([Calculation_1704893970521313284]) \r\nAND [Calculation_1704893970529177607]<-0.05\r\nTHEN '\u2b07' END)",
      "format_string": null,
      "description": "flag down",
      "is_hidden": false
    },
    {
      "source_name": "down system",
      "expression": "SUMX('Custom SQL Query (dlh_nsec.objdb) (2)', IF ATTR([PUAT_Module])='System' AND\r\nMIN([Calculation_1857734887858565133])-SUM([Measure])>=0 AND\r\nMIN([Calculation_1857734887858565133])-SUM([Measure])<=[Parameters].[Parameter 4] \r\nTHEN '\u2b07' END)",
      "format_string": null,
      "description": "down system",
      "is_hidden": false
    },
    {
      "source_name": "Normal diff",
      "expression": "SUMX('Custom SQL Query (dlh_nsec.objdb) (2)', if [Calculation_1704893970529177607]>=-([Parameters].[Parameter 2]/100) AND\r\n[Calculation_1704893970529177607]<0.15\r\nAND\r\n\r\n[Calculation_1704893970529177607]!=0 THEN [Calculation_1704893970529177607] END)",
      "format_string": null,
      "description": "Normal diff",
      "is_hidden": false
    },
    {
      "source_name": "flag diff system",
      "expression": "SUMX('Custom SQL Query (dlh_nsec.objdb) (2)', if ATTR([PUAT_Module])='System' AND\r\nMIN([Calculation_1857734887858565133])-SUM([Measure])>[Parameters].[Parameter 4] THEN \r\nMIN([Calculation_1857734887858565133])-SUM([Measure])\r\n END)",
      "format_string": null,
      "description": "flag diff system",
      "is_hidden": false
    },
    {
      "source_name": "flag down system",
      "expression": "SUMX('Custom SQL Query (dlh_nsec.objdb) (2)', IF ATTR([PUAT_Module])='System' AND\r\nMIN([Calculation_1857734887858565133])-SUM([Measure])>[Parameters].[Parameter 4] \r\nTHEN '\u2b07' END)",
      "format_string": null,
      "description": "flag down system",
      "is_hidden": false
    },
    {
      "source_name": "unicode system",
      "expression": "SUMX('Custom SQL Query (dlh_nsec.objdb) (2)', IF  ATTR([PUAT_Module])='System' AND\r\nMIN([Calculation_1857734887858565133])-SUM([Measure])>[Parameters].[Parameter 4]\r\n\r\n THEN '\u26a0' END)",
      "format_string": null,
      "description": "unicode system",
      "is_hidden": false
    },
    {
      "source_name": "up-System",
      "expression": "SUMX('Custom SQL Query (dlh_nsec.objdb) (2)', IF ATTR([PUAT_Module])='System' AND\r\nMIN([Calculation_1857734887858565133])-SUM([Measure])<0 \r\nTHEN '\u2b06' END)",
      "format_string": null,
      "description": "up-System",
      "is_hidden": false
    },
    {
      "source_name": "down",
      "expression": "SUMX('Custom SQL Query (dlh_nsec.objdb) (2)', IF ATTR([PUAT_Module])!='System' AND\r\nSUM([Measure])<SUM([Calculation_1704893970521313284]) \r\nAND [Calculation_1704893970529177607]>-0.05\r\nTHEN '\u2b07' END)",
      "format_string": null,
      "description": "down",
      "is_hidden": false
    }
  ],
  "hierarchies": [],
  "has_widget_serialization": false,
  "visual_type": null,
  "column_settings": null,
  "name": "Custom SQL Query (dlh_nsec.objdb) (2)"
}