{
  "source_name": "Sheet1 (sample_sales_data)",
  "lineage_tag": null,
  "description": "Sheet1 (sample_sales_data)",
  "is_hidden": false,
  "columns": [
    {
      "source_name": "Order ID",
      "datatype": "int64",
      "format_string": null,
      "lineage_tag": null,
      "source_column": "Order ID",
      "description": null,
      "is_hidden": false,
      "summarize_by": "sum",
      "data_category": null,
      "is_calculated": false,
      "is_data_type_inferred": false,
      "annotations": null
    },
    {
      "source_name": "Order Date",
      "datatype": "datetime",
      "format_string": null,
      "lineage_tag": null,
      "source_column": "Order Date",
      "description": null,
      "is_hidden": false,
      "summarize_by": "none",
      "data_category": null,
      "is_calculated": false,
      "is_data_type_inferred": false,
      "annotations": null
    },
    {
      "source_name": "Region",
      "datatype": "string",
      "format_string": null,
      "lineage_tag": null,
      "source_column": "Region",
      "description": null,
      "is_hidden": false,
      "summarize_by": "none",
      "data_category": null,
      "is_calculated": false,
      "is_data_type_inferred": false,
      "annotations": null
    },
    {
      "source_name": "Product Category",
      "datatype": "string",
      "format_string": null,
      "lineage_tag": null,
      "source_column": "Product Category",
      "description": null,
      "is_hidden": false,
      "summarize_by": "none",
      "data_category": null,
      "is_calculated": false,
      "is_data_type_inferred": false,
      "annotations": null
    },
    {
      "source_name": "Product Name",
      "datatype": "string",
      "format_string": null,
      "lineage_tag": null,
      "source_column": "Product Name",
      "description": null,
      "is_hidden": false,
      "summarize_by": "none",
      "data_category": null,
      "is_calculated": false,
      "is_data_type_inferred": false,
      "annotations": null
    },
    {
      "source_name": "Sales",
      "datatype": "double",
      "format_string": null,
      "lineage_tag": null,
      "source_column": "Sales",
      "description": null,
      "is_hidden": false,
      "summarize_by": "sum",
      "data_category": null,
      "is_calculated": false,
      "is_data_type_inferred": false,
      "annotations": null
    },
    {
      "source_name": "Quantity",
      "datatype": "int64",
      "format_string": null,
      "lineage_tag": null,
      "source_column": "Quantity",
      "description": null,
      "is_hidden": false,
      "summarize_by": "sum",
      "data_category": null,
      "is_calculated": false,
      "is_data_type_inferred": false,
      "annotations": null
    },
    {
      "source_name": "Discount",
      "datatype": "double",
      "format_string": null,
      "lineage_tag": null,
      "source_column": "Discount",
      "description": null,
      "is_hidden": false,
      "summarize_by": "sum",
      "data_category": null,
      "is_calculated": false,
      "is_data_type_inferred": false,
      "annotations": null
    },
    {
      "source_name": "Profit",
      "datatype": "double",
      "format_string": null,
      "lineage_tag": null,
      "source_column": "Profit",
      "description": null,
      "is_hidden": false,
      "summarize_by": "sum",
      "data_category": null,
      "is_calculated": false,
      "is_data_type_inferred": false,
      "annotations": null
    }
  ],
  "measures": [],
  "hierarchies": [],
  "has_widget_serialization": false,
  "visual_type": null,
  "column_settings": null,
  "name": "Sheet1 (sample_sales_data)"
}